{
    "rmse": 0.7063694743350194,
    "mae": 0.5515756578082687,
    "r2": 0.26382968644117655
}